Country_ISO3,Year,Area_Harvest_Ha,Production_Ton,Production_Kg_Ha,Crop_Type,Country_Name,GDP_Per_Capita,Temperature,Precipitation,Crop_Dominance
BRA,2000,2267968.0,1903562.0,839.3,Coffee,Brazil,3766.54786339835,25.12,1955.68,coffee only
BRA,2001,2336031.0,1819569.0,778.9,Coffee,Brazil,3176.28975052524,25.4,1773.52,coffee only
BRA,2002,2370891.0,2610524.0,1101.1,Coffee,Brazil,2855.94017137049,25.67,1810.1,coffee only
BRA,2003,2395501.0,1987074.0,829.5,Coffee,Brazil,3090.6068907839,25.45,1741.13,coffee only
BRA,2004,2368040.0,2465710.0,1041.2,Coffee,Brazil,3663.82262497811,25.38,1830.7,coffee only
BRA,2005,2325920.0,2140169.0,920.1,Coffee,Brazil,4827.78165890291,25.63,1834.38,coffee only
BRA,2006,2312157.0,2573368.0,1113.0,Coffee,Brazil,5934.14561857454,25.45,1874.41,coffee only
BRA,2007,2264129.0,2249011.0,993.3,Coffee,Brazil,7409.69003822861,25.57,1754.49,coffee only
BRA,2008,2222224.0,2796927.0,1258.6,Coffee,Brazil,8908.33338467948,25.28,1917.91,coffee only
BRA,2009,2135508.0,2440056.0,1142.6,Coffee,Brazil,8678.6584730653,25.49,1957.9,coffee only
BRA,2010,2159785.0,2907265.0,1346.1,Coffee,Brazil,11403.2840038694,25.7,1771.11,coffee only
BRA,2011,2148775.0,2700540.0,1256.8,Coffee,Brazil,13396.6263158041,25.4,1883.53,coffee only
BRA,2012,2120080.0,3037534.0,1432.7,Coffee,Brazil,12521.7238454434,25.6,1667.72,coffee only
BRA,2013,2085522.0,2964538.0,1421.5,Coffee,Brazil,12458.8903396625,25.53,1837.39,coffee only
BRA,2014,1997827.0,2804070.0,1403.6,Coffee,Brazil,12274.9941630213,25.7,1748.77,coffee only
BRA,2015,1977714.0,2647504.0,1338.7,Coffee,Brazil,8936.1955889444,25.99,1582.52,coffee only
BRA,2016,1996604.0,3024466.0,1514.8,Coffee,Brazil,8836.28546025694,25.78,1614.47,coffee only
BRA,2017,1802417.0,2684508.0,1489.4,Coffee,Brazil,10080.5078722821,25.74,1654.32,coffee only
BRA,2018,1863966.0,3552729.0,1906.0,Coffee,Brazil,9300.66072904004,25.57,1793.4,coffee only
BRA,2019,1825283.0,3011745.0,1650.0,Coffee,Brazil,9029.83304401079,25.9,1686.49,coffee only
BRA,2020,1898429.0,3705719.0,1952.0,Coffee,Brazil,7074.19407495707,25.85,1724.36,coffee only
BRA,2021,1832508.0,2985581.0,1629.2,Coffee,Brazil,7972.53696080695,25.53,1781.16,coffee only
BRA,2022,1867392.0,3179341.0,1702.6,Coffee,Brazil,9281.33282136864,25.47,1710.51,coffee only
BRA,2023,1905239.0,3348510.0,1757.5,Coffee,Brazil,10377.5897719195,25.92,1588.1,coffee only
BRA,2024,1943977.0,3387724.0,1742.7,Coffee,,,26.02,1676.33,coffee only
CIV,2000,829319.0,380000.0,458.2,Coffee,Côte d'Ivoire,936.636541348798,26.62,1288.17,coffee only
CIV,2001,602075.0,301127.0,500.1,Coffee,Côte d'Ivoire,924.727294962066,26.69,1397.68,coffee only
CIV,2002,455090.0,182001.0,399.9,Coffee,Côte d'Ivoire,967.815864415991,26.87,1288.97,coffee only
CIV,2003,410472.0,140027.0,341.1,Coffee,Côte d'Ivoire,1111.17135087887,26.87,1406.32,coffee only
CIV,2004,740000.0,154081.0,208.2,Coffee,Côte d'Ivoire,1199.82524528546,26.86,1304.23,coffee only
CIV,2005,718750.0,230000.0,320.0,Coffee,Côte d'Ivoire,1197.74616979415,27.05,1260.02,coffee only
CIV,2006,747500.0,187000.0,250.2,Coffee,Côte d'Ivoire,1230.43056838584,26.8,1376.0,coffee only
CIV,2007,777400.0,170849.0,219.8,Coffee,Côte d'Ivoire,1367.53817722326,26.89,1258.91,coffee only
CIV,2008,650000.0,173118.0,266.3,Coffee,Côte d'Ivoire,1583.97066701372,26.57,1322.9,coffee only
CIV,2009,623354.0,142945.0,229.3,Coffee,Côte d'Ivoire,1540.45393569596,26.88,1357.96,coffee only
CIV,2010,441066.0,94372.0,214.0,Coffee,Côte d'Ivoire,1553.54887048143,27.18,1575.21,coffee only
CIV,2011,163206.0,32291.0,197.9,Coffee,Côte d'Ivoire,1596.62826565998,26.9,1342.14,coffee only
CIV,2012,732998.0,121426.0,165.7,Coffee,Côte d'Ivoire,1546.9460184731,26.6,1235.09,coffee only
CIV,2013,689759.0,103743.0,150.4,Coffee,Côte d'Ivoire,1786.15862031324,26.83,1166.54,coffee only
CIV,2014,766335.0,109913.47,143.4,Coffee,Côte d'Ivoire,1991.36539423404,26.9,1449.73,coffee only
CIV,2015,954793.0,127000.0,133.0,Coffee,Côte d'Ivoire,1814.71855088017,27.03,1126.3,coffee only
CIV,2016,830166.0,106000.0,127.7,Coffee,Côte d'Ivoire,1862.59597081287,27.31,1253.82,coffee only
CIV,2017,275011.0,33600.0,122.2,Coffee,Côte d'Ivoire,1964.29930338343,27.17,1145.19,coffee only
CIV,2018,1090375.0,123900.0,113.6,Coffee,Côte d'Ivoire,2130.86619381144,27.08,1456.14,coffee only
CIV,2019,769224.0,95204.0,123.8,Coffee,Côte d'Ivoire,2141.76836170115,26.94,1427.39,coffee only
CIV,2020,620709.0,82366.0,132.7,Coffee,Côte d'Ivoire,2179.72934832935,27.21,1323.07,coffee only
CIV,2021,444383.0,61312.0,138.0,Coffee,Côte d'Ivoire,2455.98127641148,27.37,1364.36,coffee only
CIV,2022,539000.0,89878.0,166.7,Coffee,Côte d'Ivoire,2333.37128301259,26.81,1399.99,coffee only
CIV,2023,332249.0,46975.0,141.4,Coffee,Côte d'Ivoire,2591.9659048119,27.32,1283.01,coffee only
CIV,2024,599673.0,72133.0,120.3,Coffee,,,27.38,1238.89,coffee only
COL,2000,675342.0,637140.0,943.4,Coffee,Colombia,2555.00751039968,24.55,2713.15,coffee only
COL,2001,704846.0,656160.0,930.9,Coffee,Colombia,2472.99084035833,24.94,2400.27,coffee only
COL,2002,710510.0,696840.0,980.8,Coffee,Colombia,2428.92969771584,25.08,2713.88,coffee only
COL,2003,721362.0,694080.0,962.2,Coffee,Colombia,2311.94218760291,25.14,2641.11,coffee only
COL,2004,771219.0,674400.0,874.5,Coffee,Colombia,2818.57195413044,24.92,2614.35,coffee only
COL,2005,806884.0,667140.0,826.8,Coffee,Colombia,3456.06610874512,25.03,2694.63,coffee only
COL,2006,785535.0,724740.0,922.6,Coffee,Colombia,3789.85361217027,24.9,2728.14,coffee only
COL,2007,797660.0,757080.0,949.1,Coffee,Colombia,4769.926147194,24.84,2803.51,coffee only
COL,2008,732656.0,688680.0,940.0,Coffee,Colombia,5541.83629665898,24.55,3004.62,coffee only
COL,2009,765345.0,468720.0,612.4,Coffee,Colombia,5250.97292433518,25.09,2425.83,coffee only
COL,2010,778052.0,535380.0,688.1,Coffee,Colombia,6398.2958447102,25.25,2921.88,coffee only
COL,2011,723921.0,468540.0,647.2,Coffee,Colombia,7400.9940695669,24.91,3083.66,coffee only
COL,2012,696023.0,462000.0,663.8,Coffee,Colombia,8108.59838244229,25.12,2406.02,coffee only
COL,2013,771725.0,653160.0,846.4,Coffee,Colombia,8279.10255642981,25.31,2433.05,coffee only
COL,2014,795563.0,728400.0,915.6,Coffee,Colombia,8187.20824890084,25.45,2365.71,coffee only
COL,2015,801118.0,827750.0,1033.2,Coffee,Colombia,6248.51490534512,25.74,2085.08,coffee only
COL,2016,778362.0,818243.0,1051.2,Coffee,Colombia,5959.84250367574,25.66,2395.85,coffee only
COL,2017,903950.0,851640.0,942.1,Coffee,Colombia,6479.53231292429,25.1,2638.84,coffee only
COL,2018,877140.0,813420.0,927.4,Coffee,Colombia,6816.96818309544,25.03,2501.32,coffee only
COL,2019,853698.0,885120.0,1036.8,Coffee,Colombia,6472.54544924705,25.35,2424.97,coffee only
COL,2020,844744.0,833400.0,986.6,Coffee,Colombia,5339.68711357943,25.28,2493.24,coffee only
COL,2021,840112.0,560340.0,667.0,Coffee,Colombia,6222.62164397614,24.9,2693.61,coffee only
COL,2022,842399.0,665015.95,789.4,Coffee,Colombia,6680.44506854481,24.7,2855.97,coffee only
COL,2023,841354.0,680857.67,809.2,Coffee,Colombia,7000.83660501046,25.32,2468.03,coffee only
COL,2024,837685.0,839846.69,1002.6,Coffee,,,25.58,2561.26,coffee only
CRI,2000,106000.0,161395.0,1522.6,Coffee,Costa Rica,3812.75388284924,24.42,2659.01,coffee only
CRI,2001,113130.0,150289.0,1328.5,Coffee,Costa Rica,3985.12984506207,24.82,2704.98,coffee only
CRI,2002,113387.0,140874.0,1242.4,Coffee,Costa Rica,4067.71851429092,24.95,3088.1,coffee only
CRI,2003,113387.0,132259.0,1166.4,Coffee,Costa Rica,4173.14856415514,25.03,3287.9,coffee only
CRI,2004,98681.0,126000.0,1276.8,Coffee,Costa Rica,4431.0117207843,24.84,3161.74,coffee only
CRI,2005,98681.0,125669.0,1273.5,Coffee,Costa Rica,4703.00721784778,24.74,3041.44,coffee only
CRI,2006,98681.0,101038.0,1023.9,Coffee,Costa Rica,5256.59640859159,24.91,2908.4,coffee only
CRI,2007,98681.0,121058.0,1226.8,Coffee,Costa Rica,6137.71199925542,24.69,3111.38,coffee only
CRI,2008,98681.0,111959.0,1134.6,Coffee,Costa Rica,6937.24261596055,24.68,3594.92,coffee only
CRI,2009,98681.0,91403.0,926.2,Coffee,Costa Rica,6832.69829924138,25.11,2739.31,coffee only
CRI,2010,98681.0,91620.0,928.4,Coffee,Costa Rica,8265.78820275582,24.89,3524.36,coffee only
CRI,2011,98681.0,95038.0,963.1,Coffee,Costa Rica,9276.39107511347,24.75,2996.34,coffee only
CRI,2012,93774.0,117873.0,1257.0,Coffee,Costa Rica,10126.9991024177,24.73,2188.0,coffee only
CRI,2013,93774.0,71381.0,761.2,Coffee,Costa Rica,10803.2401962173,24.85,2406.59,coffee only
CRI,2014,84133.0,96735.0,1149.8,Coffee,Costa Rica,10911.497878334,25.02,2853.3,coffee only
CRI,2015,84133.0,83846.0,996.6,Coffee,Costa Rica,11714.7105980732,25.06,2715.65,coffee only
CRI,2016,84133.0,93720.0,1114.0,Coffee,Costa Rica,12091.0301606154,24.96,2606.99,coffee only
CRI,2017,93697.0,90419.0,965.0,Coffee,Costa Rica,12317.0902771304,24.85,2668.67,coffee only
CRI,2018,93697.0,92016.0,982.1,Coffee,Costa Rica,12590.2493781614,24.45,3489.39,coffee only
CRI,2019,93697.0,76385.0,815.2,Coffee,Costa Rica,12884.6859951989,24.74,3268.85,coffee only
CRI,2020,93697.0,86791.0,926.3,Coffee,Costa Rica,12394.0493969492,24.89,3261.62,coffee only
CRI,2021,93697.0,95322.0,1017.3,Coffee,Costa Rica,12838.1185358931,24.72,3106.96,coffee only
CRI,2022,82539.0,74620.26,904.1,Coffee,Costa Rica,13625.9008491328,24.59,2801.92,coffee only
CRI,2023,82539.0,80270.33,972.5,Coffee,Costa Rica,16942.0268119375,25.41,2445.16,coffee only
CRI,2024,82539.0,62153.98,753.0,Coffee,,,25.21,3299.72,coffee only
ETH,2000,250000.0,229980.0,919.9,Coffee,Ethiopia,122.269202606069,23.22,857.49,coffee only
ETH,2001,243834.0,157155.0,644.5,Coffee,Ethiopia,118.457204255261,23.33,814.13,coffee only
ETH,2002,218000.0,160000.0,733.9,Coffee,Ethiopia,109.593813612988,23.7,736.91,coffee only
ETH,2003,232439.0,126188.0,542.9,Coffee,Ethiopia,116.800491132777,23.46,781.87,coffee only
ETH,2004,260201.0,156170.0,600.2,Coffee,Ethiopia,133.169812538096,23.46,821.35,coffee only
ETH,2005,261175.0,171631.0,657.1,Coffee,Ethiopia,158.243458082465,23.53,857.95,coffee only
ETH,2006,295238.0,241482.0,817.9,Coffee,Ethiopia,189.345737521418,23.44,875.58,coffee only
ETH,2007,407147.0,273400.0,671.5,Coffee,Ethiopia,237.146255996319,23.31,853.83,coffee only
ETH,2008,391296.0,260239.0,665.1,Coffee,Ethiopia,316.410475118075,23.27,852.93,coffee only
ETH,2009,395003.0,265469.0,672.1,Coffee,Ethiopia,368.574712267445,23.92,774.65,coffee only
ETH,2010,498618.0,370569.0,743.2,Coffee,Ethiopia,330.619412798644,23.69,858.67,coffee only
ETH,2011,580440.0,442270.0,762.0,Coffee,Ethiopia,343.024942351887,23.47,846.8,coffee only
ETH,2012,600530.0,449740.0,748.9,Coffee,Ethiopia,452.101031885754,23.41,879.96,coffee only
ETH,2013,538466.0,392006.0,728.0,Coffee,Ethiopia,484.039833104062,23.73,896.71,coffee only
ETH,2014,626820.0,467860.0,746.4,Coffee,Ethiopia,549.986577082588,23.5,920.92,coffee only
ETH,2015,653940.0,501240.0,766.5,Coffee,Ethiopia,597.912113218663,23.92,838.29,coffee only
ETH,2016,761209.0,494819.0,650.0,Coffee,Ethiopia,641.651523286233,23.93,916.86,coffee only
ETH,2017,808022.0,549531.0,680.1,Coffee,Ethiopia,696.348429076216,23.62,916.26,coffee only
ETH,2018,871707.0,573986.0,658.5,Coffee,Ethiopia,739.702022272086,23.32,904.61,coffee only
ETH,2019,871380.0,573580.0,658.2,Coffee,Ethiopia,793.473247210264,23.41,1000.55,coffee only
ETH,2020,856592.0,584789.57,682.7,Coffee,Ethiopia,829.790982547947,23.3,941.61,coffee only
ETH,2021,912170.0,590400.0,647.2,Coffee,Ethiopia,893.00983544905,23.41,923.15,coffee only
ETH,2022,794404.0,545566.36,686.8,Coffee,Ethiopia,982.103161506992,23.48,927.69,coffee only
ETH,2023,843635.0,559400.0,663.1,Coffee,Ethiopia,1055.81091592527,23.75,910.78,coffee only
ETH,2024,862943.0,575696.18,667.1,Coffee,,,24.17,985.89,coffee only
GIN,2000,53065.0,22080.0,416.1,Coffee,Guinea,518.157066924026,25.53,1798.82,coffee only
GIN,2001,40000.0,14160.0,354.0,Coffee,Guinea,483.085120214741,25.79,1686.61,coffee only
GIN,2002,50000.0,19680.0,393.6,Coffee,Guinea,495.916073559269,26.13,1614.36,coffee only
GIN,2003,50340.0,20880.0,414.8,Coffee,Guinea,566.48540588068,25.93,1876.71,coffee only
GIN,2004,48802.0,20220.0,414.3,Coffee,Guinea,584.897740538081,26.09,1820.48,coffee only
GIN,2005,52000.0,20770.0,399.4,Coffee,Guinea,463.17768685098,26.13,1793.17,coffee only
GIN,2006,50000.0,23226.0,464.5,Coffee,Guinea,446.980554135013,25.85,1926.74,coffee only
GIN,2007,53000.0,26556.0,501.1,Coffee,Guinea,650.148575304743,25.99,1634.94,coffee only
GIN,2008,65000.0,27353.0,420.8,Coffee,Guinea,703.532825784369,25.77,1820.61,coffee only
GIN,2009,63000.0,28173.0,447.2,Coffee,Guinea,662.185914665575,25.87,1739.39,coffee only
GIN,2010,65690.0,29018.0,441.7,Coffee,Guinea,659.235326211315,26.24,2018.47,coffee only
GIN,2011,68631.0,30320.0,441.8,Coffee,Guinea,636.694958747648,26.01,1724.73,coffee only
GIN,2012,39904.0,17907.0,448.8,Coffee,Guinea,699.353377212197,25.65,1821.97,coffee only
GIN,2013,40962.0,18440.0,450.2,Coffee,Guinea,748.455020824734,25.92,1842.54,coffee only
GIN,2014,94300.0,41500.0,440.1,Coffee,Guinea,765.146999389279,25.89,1731.41,coffee only
GIN,2015,490000.0,210866.0,430.3,Coffee,Guinea,747.356966759448,26.08,1880.49,coffee only
GIN,2016,508000.0,218635.0,430.4,Coffee,Guinea,711.996509782316,26.31,1792.34,coffee only
GIN,2017,504000.0,216691.0,429.9,Coffee,Guinea,833.598621691121,26.23,1690.89,coffee only
GIN,2018,547000.0,235043.0,429.7,Coffee,Guinea,933.273615633705,26.16,1775.11,coffee only
GIN,2019,567000.0,243703.0,429.8,Coffee,Guinea,1031.34146480732,25.88,1798.76,coffee only
GIN,2020,574753.0,242682.0,422.2,Coffee,Guinea,1053.66097696415,26.33,1765.56,coffee only
GIN,2021,640026.0,261992.0,409.3,Coffee,Guinea,1244.96550477914,26.69,1800.67,coffee only
GIN,2022,651076.0,261645.0,401.9,Coffee,Guinea,1416.59612011764,25.96,2012.36,coffee only
GIN,2023,504133.0,200000.0,396.7,Coffee,Guinea,1555.49375806861,26.59,1892.39,coffee only
GIN,2024,445086.0,174847.18,392.8,Coffee,,,26.6,1881.48,coffee only
GTM,2000,273000.0,312060.0,1143.1,Coffee,Guatemala,1648.96578971559,23.3,2143.44,coffee only
GTM,2001,262296.0,261096.84,995.4,Coffee,Guatemala,1537.68663578252,23.56,2186.08,coffee only
GTM,2002,262016.0,255091.28,973.6,Coffee,Guatemala,1669.33517469705,23.7,2071.64,coffee only
GTM,2003,247339.0,244200.0,987.3,Coffee,Guatemala,1722.54701910774,23.81,1870.93,coffee only
GTM,2004,247339.0,250279.0,1011.9,Coffee,Guatemala,1840.91184884,23.73,2048.5,coffee only
GTM,2005,247339.0,248277.0,1003.8,Coffee,Guatemala,2046.46611650758,23.7,2360.73,coffee only
GTM,2006,247339.0,240331.38,971.7,Coffee,Guatemala,2225.1234753878,23.64,2388.64,coffee only
GTM,2007,248597.0,248613.98,1000.1,Coffee,Guatemala,2458.81573919384,23.58,2103.8,coffee only
GTM,2008,248597.0,254914.38,1025.4,Coffee,Guatemala,2763.05988172926,23.55,2283.09,coffee only
GTM,2009,248807.0,247502.68,994.8,Coffee,Guatemala,2611.64632773352,23.92,1957.44,coffee only
GTM,2010,249925.0,248355.43,993.7,Coffee,Guatemala,2805.25960237322,23.34,2478.21,coffee only
GTM,2011,254817.0,265401.43,1041.5,Coffee,Guatemala,3168.98370607705,23.73,2431.96,coffee only
GTM,2012,254328.0,272432.0,1071.2,Coffee,Guatemala,3286.61959336267,23.85,1970.79,coffee only
GTM,2013,250624.0,248668.0,992.2,Coffee,Guatemala,3444.15802275864,23.7,2672.54,coffee only
GTM,2014,262435.0,227653.47,867.5,Coffee,Guatemala,3689.14510410202,23.67,2187.79,coffee only
GTM,2015,269424.0,225653.13,837.5,Coffee,Guatemala,3893.50533299068,24.16,1969.27,coffee only
GTM,2016,274177.0,236144.72,861.3,Coffee,Guatemala,4060.13784737643,24.23,2069.5,coffee only
GTM,2017,257619.0,224000.0,869.5,Coffee,Guatemala,4324.99768915601,24.05,2085.72,coffee only
GTM,2018,279446.0,240400.0,860.3,Coffee,Guatemala,4352.94593289707,23.53,1986.75,coffee only
GTM,2019,260649.0,216400.0,830.2,Coffee,Guatemala,4511.99839552697,24.0,1773.91,coffee only
GTM,2020,320736.0,246000.0,767.0,Coffee,Guatemala,4477.61785000665,24.32,2277.6,coffee only
GTM,2021,319883.0,226700.0,708.7,Coffee,Guatemala,4912.62240414681,24.07,2034.68,coffee only
GTM,2022,376019.0,238354.0,633.9,Coffee,Guatemala,5358.70156997677,23.74,2452.33,coffee only
GTM,2023,376019.0,212848.0,566.1,Coffee,Guatemala,5758.32760847852,24.38,1969.94,coffee only
GTM,2024,376019.0,224860.0,598.0,Coffee,,,24.58,2512.08,coffee only
HND,2000,210769.0,193309.0,917.2,Coffee,Honduras,1092.56400746252,24.32,1822.44,coffee only
HND,2001,216562.0,205545.0,949.1,Coffee,Honduras,1132.1648753329,24.66,1828.29,coffee only
HND,2002,204490.0,172727.0,844.7,Coffee,Honduras,1132.49965345317,24.81,1688.56,coffee only
HND,2003,228438.0,175284.0,767.3,Coffee,Honduras,1156.08162681357,24.91,1729.79,coffee only
HND,2004,236376.0,185090.0,783.0,Coffee,Honduras,1215.13995412761,24.74,1848.7,coffee only
HND,2005,238455.0,190640.0,799.5,Coffee,Honduras,1304.70039153826,24.72,1825.28,coffee only
HND,2006,250012.0,213636.0,854.5,Coffee,Honduras,1425.84780051892,24.76,2256.13,coffee only
HND,2007,239000.0,236302.0,988.7,Coffee,Honduras,1577.73789197407,24.72,1696.63,coffee only
HND,2008,242000.0,240948.0,995.7,Coffee,Honduras,1732.49062702803,24.52,2092.92,coffee only
HND,2009,242683.0,231288.0,953.0,Coffee,Honduras,1781.15703614674,24.86,1709.01,coffee only
HND,2010,313429.0,244335.0,779.6,Coffee,Honduras,1893.32722662035,24.47,1838.52,coffee only
HND,2011,328375.0,284347.0,865.9,Coffee,Honduras,2073.66121088074,24.63,1911.78,coffee only
HND,2012,347065.0,343403.0,989.4,Coffee,Honduras,2126.03474686503,24.77,1806.12,coffee only
HND,2013,285471.0,280697.0,983.3,Coffee,Honduras,2081.12843527945,24.78,1941.01,coffee only
HND,2014,270000.0,282230.0,1045.3,Coffee,Honduras,2179.88171977271,24.77,1726.77,coffee only
HND,2015,270000.0,332747.0,1232.4,Coffee,Honduras,2271.20265980349,25.15,1746.44,coffee only
HND,2016,309806.0,366542.0,1183.1,Coffee,Honduras,2307.34468351082,25.2,1836.27,coffee only
HND,2017,423676.0,477580.0,1127.2,Coffee,Honduras,2413.0076562942,24.99,1958.26,coffee only
HND,2018,431122.0,478830.76,1110.7,Coffee,Honduras,2464.64241531918,24.63,1718.56,coffee only
HND,2019,424739.0,472497.96,1112.4,Coffee,Honduras,2502.32744328073,25.04,1470.14,coffee only
HND,2020,323457.0,364552.38,1127.0,Coffee,Honduras,2307.61494319511,25.23,1914.1,coffee only
HND,2021,358284.0,417591.24,1165.5,Coffee,Honduras,2735.14751503977,25.04,1824.41,coffee only
HND,2022,278897.0,330111.31,1183.6,Coffee,Honduras,3003.28996826399,24.77,1961.94,coffee only
HND,2023,320513.0,384361.02,1199.2,Coffee,Honduras,3227.45762509776,25.4,1829.24,coffee only
HND,2024,266728.0,324015.02,1214.8,Coffee,,,25.54,2001.48,coffee only
IDN,2000,1260687.0,554574.0,439.9,Coffee,Indonesia,763.711124950924,25.86,2925.32,both
IDN,2001,1313383.0,569234.0,433.4,Coffee,Indonesia,732.307093405708,25.92,2865.39,both
IDN,2002,1372184.0,682019.0,497.0,Coffee,Indonesia,881.002913569131,26.06,2586.5,both
IDN,2003,1381730.0,663571.0,480.2,Coffee,Indonesia,1043.2105838671,25.92,2884.98,both
IDN,2004,1303943.0,647385.0,496.5,Coffee,Indonesia,1126.84004447173,25.92,2629.22,both
IDN,2005,1255272.0,640365.0,510.1,Coffee,Indonesia,1238.21447629488,25.94,2729.63,both
IDN,2006,1308732.0,682158.0,521.2,Coffee,Indonesia,1558.31562847163,25.83,2656.42,both
IDN,2007,1295912.0,676475.0,522.0,Coffee,Indonesia,1823.21976255073,25.85,2854.02,both
IDN,2008,1295111.0,698016.0,539.0,Coffee,Indonesia,2124.55483920618,25.71,2996.57,both
IDN,2009,1266235.0,682591.0,539.1,Coffee,Indonesia,2218.48541852977,25.98,2760.29,both
IDN,2010,1268476.0,684076.0,539.3,Coffee,Indonesia,3065.68348377765,26.09,3271.38,both
IDN,2011,1293000.0,638600.0,493.9,Coffee,Indonesia,3579.46442466152,25.88,2899.83,both
IDN,2012,1233900.0,691163.0,560.1,Coffee,Indonesia,3632.27254030331,25.99,2850.16,both
IDN,2013,1241700.0,675800.0,544.3,Coffee,Indonesia,3566.60284506078,26.06,2893.53,both
IDN,2014,1230500.0,643900.0,523.3,Coffee,Indonesia,3441.06808464008,26.04,2595.84,both
IDN,2015,1230001.0,639412.0,519.8,Coffee,Indonesia,3288.22269725538,26.12,2475.16,both
IDN,2016,1228512.0,639305.0,520.4,Coffee,Indonesia,3521.46943457574,26.23,2934.55,both
IDN,2017,1238598.0,717962.0,579.7,Coffee,Indonesia,3798.88326174526,26.04,3011.46,both
IDN,2018,1252826.0,756051.0,603.5,Coffee,Indonesia,3860.95353090726,26.05,2813.27,both
IDN,2019,1245359.0,752512.0,604.3,Coffee,Indonesia,4106.94856160358,26.2,2500.24,both
IDN,2020,1250452.0,762380.0,609.7,Coffee,Indonesia,3853.70288774146,26.2,2980.78,both
IDN,2021,1279570.0,786191.0,614.4,Coffee,Indonesia,4287.17313995098,26.01,3067.34,both
IDN,2022,1265961.0,774960.53,612.2,Coffee,Indonesia,4730.83484836107,25.95,3146.39,both
IDN,2023,1266848.0,758725.0,598.9,Coffee,Indonesia,4876.30774512252,26.16,2676.72,both
IDN,2024,1269354.0,807578.0,636.2,Coffee,,,26.38,2997.81,both
IND,2000,308433.0,292000.0,946.7,Coffee,India,442.750218937263,24.81,1043.41,both
IND,2001,313934.0,301000.0,958.8,Coffee,India,450.357900514128,24.93,1025.47,both
IND,2002,320737.0,301000.0,938.5,Coffee,India,469.149928973927,25.2,908.97,both
IND,2003,320615.0,275275.0,858.6,Coffee,India,544.143133545002,24.94,1055.79,both
IND,2004,325124.0,270500.0,832.0,Coffee,India,624.258826510066,25.02,1030.4,both
IND,2005,333338.0,275500.0,826.5,Coffee,India,710.488080408949,24.77,1116.64,both
IND,2006,341351.0,274000.0,802.7,Coffee,India,801.668353659022,25.03,1190.24,both
IND,2007,343040.0,288000.0,839.6,Coffee,India,1021.88707706826,25.06,1136.08,both
IND,2008,344508.0,262000.0,760.5,Coffee,India,992.519584923828,24.82,1156.62,both
IND,2009,350500.0,262300.0,748.4,Coffee,India,1094.94974598436,25.57,1001.0,both
IND,2010,355502.0,289600.0,814.6,Coffee,India,1347.51939071367,25.5,1251.78,both
IND,2011,360485.0,302000.0,837.8,Coffee,India,1445.46127486037,24.88,1147.15,both
IND,2012,368687.0,314000.0,851.7,Coffee,India,1429.32199520032,24.84,1067.39,both
IND,2013,376305.0,318200.0,845.6,Coffee,India,1432.84397512195,24.71,1255.45,both
IND,2014,381304.0,304500.0,798.6,Coffee,India,1553.88396075118,24.86,1065.91,both
IND,2015,423270.0,327000.0,772.6,Coffee,India,1583.99815907985,24.98,1124.91,both
IND,2016,434436.0,348000.0,801.0,Coffee,India,1707.50892912243,25.36,1120.31,both
IND,2017,449357.0,312000.0,694.3,Coffee,India,1950.10468280866,25.23,1159.6,both
IND,2018,413020.0,316000.0,765.1,Coffee,India,1966.25455171679,25.1,1019.78,both
IND,2019,416741.0,319500.0,766.7,Coffee,India,2041.42863698585,25.03,1322.77,both
IND,2020,418167.0,298000.0,712.6,Coffee,India,1907.04251637669,24.87,1243.17,both
IND,2021,422924.0,334000.0,789.7,Coffee,India,2239.61384367482,25.07,1216.65,both
IND,2022,479669.0,352000.0,733.8,Coffee,India,2347.44829434623,25.18,1299.86,both
IND,2023,489619.0,360500.0,736.3,Coffee,India,2530.12031278204,25.03,1163.62,both
IND,2024,491419.0,363000.0,738.7,Coffee,,,25.43,1253.84,both
MEX,2000,701326.0,338170.0,482.2,Coffee,Mexico,7524.0271380091,21.3,724.83,coffee only
MEX,2001,747416.0,302996.0,405.4,Coffee,Mexico,7952.76479510706,21.11,690.95,coffee only
MEX,2002,724558.0,313027.0,432.0,Coffee,Mexico,7983.03398381759,21.2,732.16,coffee only
MEX,2003,742837.0,310861.0,418.5,Coffee,Mexico,7434.0746485155,21.31,776.15,coffee only
MEX,2004,760581.0,312413.0,410.8,Coffee,Mexico,7849.66759649565,21.08,843.44,coffee only
MEX,2005,762261.0,294364.0,386.2,Coffee,Mexico,8671.75891885163,21.42,726.88,coffee only
MEX,2006,763418.0,279635.0,366.3,Coffee,Mexico,9512.63575346699,21.6,815.63,coffee only
MEX,2007,772036.0,268565.0,347.9,Coffee,Mexico,10134.3327138119,21.18,782.71,coffee only
MEX,2008,766984.0,260442.0,339.6,Coffee,Mexico,10523.7685403244,21.2,797.0,coffee only
MEX,2009,765697.0,264472.0,345.4,Coffee,Mexico,8423.56933214711,21.58,685.77,coffee only
MEX,2010,741410.0,245271.0,330.8,Coffee,Mexico,9728.80078377082,20.96,827.6,coffee only
MEX,2011,688208.0,237056.0,344.5,Coffee,Mexico,10664.4944032313,21.72,692.87,coffee only
MEX,2012,695350.0,246121.0,354.0,Coffee,Mexico,10744.1335242686,21.92,709.7,coffee only
MEX,2013,700117.0,231596.0,330.8,Coffee,Mexico,11216.8008505428,21.32,930.56,coffee only
MEX,2014,699307.0,214667.0,307.0,Coffee,Mexico,11391.3773497683,21.46,864.42,coffee only
MEX,2015,664885.0,188934.0,284.2,Coffee,Mexico,10021.2386118827,21.68,764.45,coffee only
MEX,2016,645638.0,151714.0,235.0,Coffee,Mexico,9097.92397674769,21.94,801.47,coffee only
MEX,2017,638603.0,153777.4,240.8,Coffee,Mexico,9649.27816772402,22.17,795.24,coffee only
MEX,2018,629799.0,158307.99,251.4,Coffee,Mexico,10084.7937562021,21.77,780.76,coffee only
MEX,2019,629300.0,165712.27,263.3,Coffee,Mexico,10369.5553585271,21.9,720.36,coffee only
MEX,2020,636004.0,175554.62,276.0,Coffee,Mexico,8841.27075039868,22.21,691.32,coffee only
MEX,2021,641799.0,174341.4,271.6,Coffee,Mexico,10314.0506722115,21.92,837.38,coffee only
MEX,2022,648487.0,188710.0,291.0,Coffee,Mexico,11405.7940473759,21.81,748.03,coffee only
MEX,2023,654693.0,194940.0,297.8,Coffee,Mexico,13860.9597809326,22.23,623.55,coffee only
MEX,2024,659699.0,194470.0,294.8,Coffee,,,22.68,788.45,coffee only
NIC,2000,107865.0,82206.0,762.1,Coffee,Nicaragua,1017.3124434882,25.5,2129.55,coffee only
NIC,2001,108848.0,66799.0,613.7,Coffee,Nicaragua,1051.874235891,25.86,2117.72,coffee only
NIC,2002,115200.0,60235.0,522.9,Coffee,Nicaragua,1014.3339042591,25.99,2169.47,coffee only
NIC,2003,115200.0,82727.0,718.1,Coffee,Nicaragua,1021.35216668794,26.1,2364.67,coffee only
NIC,2004,115200.0,57533.0,499.4,Coffee,Nicaragua,1098.62118662335,25.9,2509.13,coffee only
NIC,2005,126879.0,95455.0,752.3,Coffee,Nicaragua,1183.30214010175,25.86,2405.15,coffee only
NIC,2006,114189.0,70455.0,617.0,Coffee,Nicaragua,1248.17371577788,25.96,2461.52,coffee only
NIC,2007,126879.0,100000.0,788.2,Coffee,Nicaragua,1350.38145753377,25.86,2248.51,coffee only
NIC,2008,115883.0,75957.0,655.5,Coffee,Nicaragua,1523.68437086409,25.69,2723.64,coffee only
NIC,2009,118679.0,92204.55,776.9,Coffee,Nicaragua,1467.08288052845,26.05,2171.87,coffee only
NIC,2010,113680.0,78712.27,692.4,Coffee,Nicaragua,1526.56706951408,25.78,2620.77,coffee only
NIC,2011,120283.0,103881.73,863.6,Coffee,Nicaragua,1679.71192084633,25.75,2357.52,coffee only
NIC,2012,119927.0,86943.73,725.0,Coffee,Nicaragua,1784.69836017555,25.81,2146.28,coffee only
NIC,2013,108830.0,84146.33,773.2,Coffee,Nicaragua,1835.43996363715,25.9,2124.0,coffee only
NIC,2014,105519.0,86089.58,815.9,Coffee,Nicaragua,1958.37047579547,26.0,2093.11,coffee only
NIC,2015,115454.0,95254.51,825.0,Coffee,Nicaragua,2074.45620634731,26.21,2058.9,coffee only
NIC,2016,120497.0,122470.09,1016.4,Coffee,Nicaragua,2131.68704828322,26.2,2146.47,coffee only
NIC,2017,133533.0,128111.06,959.4,Coffee,Nicaragua,2182.61380995674,26.07,2426.1,coffee only
NIC,2018,133836.0,141931.0,1060.5,Coffee,Nicaragua,2035.16549390507,25.69,2241.7,coffee only
NIC,2019,147671.0,156902.0,1062.5,Coffee,Nicaragua,1958.62051528095,26.04,1972.99,coffee only
NIC,2020,149418.0,154409.87,1033.4,Coffee,Nicaragua,1938.44704754382,26.21,2559.44,coffee only
NIC,2021,157786.0,165558.38,1049.3,Coffee,Nicaragua,2138.38588469449,26.03,2206.61,coffee only
NIC,2022,163421.0,170180.53,1041.4,Coffee,Nicaragua,2322.89053964583,25.83,2438.96,coffee only
NIC,2023,148393.0,143336.66,965.9,Coffee,Nicaragua,2609.44492072931,26.52,2234.29,coffee only
PER,2000,264492.0,191651.0,724.6,Coffee,Peru,1945.41338451698,19.39,1684.58,coffee only
PER,2001,274252.0,196232.0,715.5,Coffee,Peru,1929.57273038846,19.32,1749.32,coffee only
PER,2002,287379.0,212770.0,740.4,Coffee,Peru,2007.37019626753,19.66,1695.84,coffee only
PER,2003,291844.0,203148.0,696.1,Coffee,Peru,2129.44114197634,19.63,1764.28,coffee only
PER,2004,295139.0,231447.0,784.2,Coffee,Peru,2397.25147277714,19.72,1752.64,coffee only
PER,2005,301534.0,188611.0,625.5,Coffee,Peru,2706.66947297608,19.59,1536.04,coffee only
PER,2006,321449.0,273178.0,849.8,Coffee,Peru,3129.55996496982,19.72,1809.69,coffee only
PER,2007,324062.0,225992.0,697.4,Coffee,Peru,3581.0893081917,19.19,1697.16,coffee only
PER,2008,333388.0,273780.0,821.2,Coffee,Peru,4197.58444634142,19.36,1685.59,coffee only
PER,2009,342621.0,243479.0,710.6,Coffee,Peru,4181.18755462253,19.73,1711.83,coffee only
PER,2010,349633.0,264605.0,756.8,Coffee,Peru,5072.11494019615,19.66,1407.81,coffee only
PER,2011,367096.0,331547.0,903.2,Coffee,Peru,5861.35793645245,19.45,1633.49,coffee only
PER,2012,370632.0,320163.56,863.8,Coffee,Peru,6519.37852981527,19.63,1503.31,coffee only
PER,2013,399523.0,256241.43,641.4,Coffee,Peru,6746.80025696601,19.28,1605.18,coffee only
PER,2014,361671.0,222047.0,613.9,Coffee,Peru,6667.13410360861,19.67,1573.1,coffee only
PER,2015,379187.0,251938.0,664.4,Coffee,Peru,6231.71150338894,20.2,1575.91,coffee only
PER,2016,383973.0,277760.4,723.4,Coffee,Peru,6217.03599995447,20.11,1510.55,coffee only
PER,2017,424129.0,337330.0,795.3,Coffee,Peru,6736.16693725487,19.88,1725.86,coffee only
PER,2018,432409.0,369621.99,854.8,Coffee,Peru,6978.49121548627,19.57,1597.47,coffee only
PER,2019,438177.0,363319.59,829.2,Coffee,Peru,7037.00803692604,19.6,1745.83,coffee only
PER,2020,430820.0,353205.74,819.8,Coffee,Peru,6133.32552410183,19.81,1302.93,coffee only
PER,2021,429717.0,363996.83,847.1,Coffee,Peru,6826.20255614477,19.65,1516.64,coffee only
PER,2022,418790.0,357346.42,853.3,Coffee,Peru,7350.63034300417,19.53,1234.41,coffee only
PER,2023,428738.0,366940.03,855.9,Coffee,Peru,7887.54185920108,20.93,1472.94,coffee only
PER,2024,421972.0,358993.78,850.8,Coffee,,,20.17,1408.98,coffee only
UGA,2000,300991.0,143475.0,476.7,Coffee,Uganda,258.050338731086,23.22,1145.67,both
UGA,2001,264000.0,197410.0,747.8,Coffee,Uganda,236.021188853993,23.43,1248.31,both
UGA,2002,217504.0,209547.0,963.4,Coffee,Uganda,241.984688408335,23.73,1259.01,both
UGA,2003,264000.0,150871.0,571.5,Coffee,Uganda,250.71543664681,23.61,1216.99,both
UGA,2004,264000.0,170081.0,644.2,Coffee,Uganda,292.38185796262,23.67,1166.02,both
UGA,2005,263000.0,158100.0,601.1,Coffee,Uganda,330.405402707025,23.64,1072.85,both
UGA,2006,220000.0,133310.0,606.0,Coffee,Uganda,346.518255310647,23.54,1302.27,both
UGA,2007,285000.0,175346.0,615.2,Coffee,Uganda,401.389130865581,23.58,1432.17,both
UGA,2008,345000.0,211726.0,613.7,Coffee,Uganda,472.842681495852,23.52,1244.06,both
UGA,2009,320000.0,195871.0,612.1,Coffee,Uganda,798.947089938247,24.04,1191.46,both
UGA,2010,272593.0,166968.0,612.5,Coffee,Uganda,823.488144282,23.81,1380.93,both
UGA,2011,317080.0,191371.0,603.5,Coffee,Uganda,835.620060555838,23.39,1350.91,both
UGA,2012,316923.0,186125.0,587.3,Coffee,Uganda,795.222867553127,22.97,1382.4,both
UGA,2013,387263.0,222894.0,575.6,Coffee,Uganda,818.285427416713,23.09,1437.47,both
UGA,2014,377526.0,220135.0,583.1,Coffee,Uganda,896.054795546394,23.02,1187.98,both
UGA,2015,432000.0,229149.0,530.4,Coffee,Uganda,862.934610355811,23.06,1330.94,both
UGA,2016,434283.0,243061.0,559.7,Coffee,Uganda,752.696571725656,23.29,1296.42,both
UGA,2017,526491.0,302063.0,573.7,Coffee,Uganda,765.218332297361,23.19,1401.03,both
UGA,2018,497192.0,284225.0,571.7,Coffee,Uganda,792.16570022814,22.96,1292.06,both
UGA,2019,541495.0,313933.0,579.8,Coffee,Uganda,822.171150036357,23.18,1599.44,both
UGA,2020,632691.0,360103.0,569.2,Coffee,Uganda,845.766463890124,23.2,1473.03,both
UGA,2021,737884.0,414007.0,561.1,Coffee,Uganda,882.791717542504,23.13,1381.83,both
UGA,2022,912315.0,507000.0,555.7,Coffee,Uganda,963.067314117178,23.17,1405.42,both
UGA,2023,849736.0,468000.0,550.8,Coffee,Uganda,1002.30913917142,23.54,1298.23,both
UGA,2024,736547.0,402000.0,545.8,Coffee,,,23.12,1246.19,both
VNM,2000,476900.0,802500.0,1682.7,Coffee,Vietnam,404.029784055118,24.5,1722.38,both
VNM,2001,473500.0,840600.0,1775.3,Coffee,Vietnam,419.205677580901,24.71,1929.45,both
VNM,2002,492500.0,699500.0,1420.3,Coffee,Vietnam,445.132861817313,24.81,1890.97,both
VNM,2003,480500.0,793700.0,1651.8,Coffee,Vietnam,497.117089249256,24.85,1629.0,both
VNM,2004,479100.0,913800.0,1907.3,Coffee,Vietnam,565.452284586212,24.62,1623.19,both
VNM,2005,483600.0,831000.0,1718.4,Coffee,Vietnam,710.746759994861,24.8,1817.57,both
VNM,2006,483200.0,985300.0,2039.1,Coffee,Vietnam,807.756645117054,24.92,1753.31,both
VNM,2007,488900.0,1251000.0,2558.8,Coffee,Vietnam,925.640338348717,24.67,1799.9,both
VNM,2008,500200.0,1055811.0,2110.8,Coffee,Vietnam,1163.83195772873,24.23,1959.55,both
VNM,2009,507200.0,1057539.6,2085.1,Coffee,Vietnam,1226.16976051536,24.81,1632.36,both
VNM,2010,511900.0,1105700.0,2160.0,Coffee,Vietnam,1683.16182443979,25.05,1620.88,both
VNM,2011,543865.0,1276506.0,2347.1,Coffee,Vietnam,1950.92504174913,24.17,1861.77,both
VNM,2012,572600.0,1260463.0,2201.3,Coffee,Vietnam,2185.11767654291,24.92,1920.31,both
VNM,2013,581381.0,1326688.0,2282.0,Coffee,Vietnam,2359.51736472828,24.69,1900.53,both
VNM,2014,589041.0,1406469.0,2387.7,Coffee,Vietnam,2546.38464459903,24.87,1679.8,both
VNM,2015,593800.0,1452999.3,2446.9,Coffee,Vietnam,2577.56885340113,25.26,1744.73,both
VNM,2016,597597.0,1460800.01,2444.5,Coffee,Vietnam,2735.0604380416,25.16,1796.3,both
VNM,2017,605178.0,1542397.88,2548.7,Coffee,Vietnam,2956.10992127753,24.81,1885.46,both
VNM,2018,618879.0,1616307.25,2611.7,Coffee,Vietnam,3222.31003125366,24.8,1791.18,both
VNM,2019,624100.0,1686765.17,2702.7,Coffee,Vietnam,3440.90025375434,25.38,1639.96,both
VNM,2020,637563.0,1763476.04,2766.0,Coffee,Vietnam,3534.03953482647,25.2,1684.26,both
VNM,2021,653192.0,1845032.98,2824.6,Coffee,Vietnam,3704.1935590038,25.0,1800.75,both
VNM,2022,655921.0,1953990.16,2979.0,Coffee,Vietnam,4147.69777213621,24.72,1778.7,both
VNM,2023,666954.0,1956782.46,2933.9,Coffee,Vietnam,4323.35031982451,25.49,1773.04,both
VNM,2024,678569.0,2015289.0,2969.9,Coffee,,,25.54,1798.84,both
