Country_ISO3,Year,Area_Harvest_Ha,Production_Ton,Yield_Kg_Ha,Crop_Type,Country_Name,GDP_Per_Capita,Temperature,Precipitation,Crop_Dominance
ARG,2000,38620.0,323000.0,8363.5,Tea,Argentina,7637.01489203628,14.45,721.03,tea only
ARG,2001,37420.0,309000.0,8257.6,Tea,Argentina,7141.47507662826,15.08,716.55,tea only
ARG,2002,36400.0,306000.0,8406.6,Tea,Argentina,2569.69963519124,14.84,757.75,tea only
ARG,2003,36380.0,304000.0,8356.2,Tea,Argentina,3320.47775133903,15.23,593.14,tea only
ARG,2004,36670.0,306000.0,8344.7,Tea,Argentina,4242.02099089422,15.24,576.61,tea only
ARG,2005,36335.0,295000.0,8118.9,Tea,Argentina,5067.65342293276,14.9,574.79,tea only
ARG,2006,38000.0,314000.0,8263.2,Tea,Argentina,5869.38028970204,15.46,597.45,tea only
ARG,2007,40000.0,330000.0,8250.0,Tea,Argentina,7185.25155147027,14.44,586.57,tea only
ARG,2008,39000.0,348000.0,8923.1,Tea,Argentina,8944.1102657357,15.33,535.56,tea only
ARG,2009,37201.0,312000.0,8386.9,Tea,Argentina,8150.23527028221,15.42,537.03,tea only
ARG,2010,37221.0,402000.0,10800.4,Tea,Argentina,10260.1313108254,14.9,553.24,tea only
ARG,2011,36989.0,404000.0,10922.2,Tea,Argentina,12704.2831819684,15.15,565.2,tea only
ARG,2012,39322.0,360000.0,9155.2,Tea,Argentina,12949.717486654,15.61,622.43,tea only
ARG,2013,37499.0,350000.0,9333.5,Tea,Argentina,12963.675773326,15.4,520.19,tea only
ARG,2014,38507.0,361000.0,9375.0,Tea,Argentina,12233.1444119186,15.41,700.3,tea only
ARG,2015,39600.0,359000.0,9065.7,Tea,Argentina,13679.6264980954,15.51,648.89,tea only
ARG,2016,39221.0,370000.0,9433.7,Tea,Argentina,12699.9623137756,14.94,660.45,tea only
ARG,2017,39221.0,354000.0,9025.8,Tea,Argentina,14532.5009308511,15.57,633.1,tea only
ARG,2018,39611.0,360000.0,9088.4,Tea,Argentina,11752.7998922979,15.27,595.47,tea only
ARG,2019,34130.0,362000.0,10606.5,Tea,Argentina,9955.97478680428,15.22,588.62,tea only
ARG,2020,32980.0,335225.0,10164.5,Tea,Argentina,8535.59938004389,15.55,497.52,tea only
ARG,2021,30100.0,336130.0,11167.1,Tea,Argentina,10738.0179223384,15.42,536.52,tea only
ARG,2022,30100.0,355144.0,11798.8,Tea,Argentina,13962.1894087223,15.13,479.21,tea only
ARG,2023,30100.0,344203.0,11435.3,Tea,Argentina,14261.8465667948,15.95,565.34,tea only
ARG,2024,29869.0,356753.0,11943.9,Tea,,,15.56,600.01,tea only
BGD,2000,48600.0,200000.0,4115.2,Tea,Bangladesh,396.670730249751,25.28,2332.93,tea only
BGD,2001,48600.0,226000.0,4650.2,Tea,Bangladesh,394.65641001891,25.86,2252.27,tea only
BGD,2002,50990.0,252000.0,4942.1,Tea,Bangladesh,393.886422327628,25.76,2301.65,tea only
BGD,2003,50977.0,250000.0,4904.2,Tea,Bangladesh,426.74880754362,25.78,2150.53,tea only
BGD,2004,53215.0,250000.0,4697.9,Tea,Bangladesh,455.614016909798,25.7,2214.81,tea only
BGD,2005,53239.0,250000.0,4695.8,Tea,Bangladesh,480.08585075452,25.97,1991.46,tea only
BGD,2006,52609.0,252000.0,4790.1,Tea,Bangladesh,490.388026533289,26.19,1901.93,tea only
BGD,2007,57580.0,254000.0,4411.3,Tea,Bangladesh,537.955492792911,25.97,2456.52,tea only
BGD,2008,58005.0,257000.0,4430.7,Tea,Bangladesh,613.06204104124,25.74,2155.42,tea only
BGD,2009,59000.0,259000.0,4389.8,Tea,Bangladesh,679.211477428056,26.49,1957.16,tea only
BGD,2010,52236.0,261000.0,4996.6,Tea,Bangladesh,757.385280361508,26.38,2193.72,tea only
BGD,2011,56670.0,263000.0,4640.9,Tea,Bangladesh,837.336944695647,25.74,1994.39,tea only
BGD,2012,57900.0,272000.0,4697.8,Tea,Bangladesh,859.680536375497,25.47,1947.81,tea only
BGD,2013,58300.0,288000.0,4940.0,Tea,Bangladesh,958.262989798283,25.18,1996.31,tea only
BGD,2014,59925.0,277000.0,4622.4,Tea,Bangladesh,1094.46199702838,25.65,1770.36,tea only
BGD,2015,60424.0,287000.0,4749.8,Tea,Bangladesh,1224.38647668165,25.45,2486.1,tea only
BGD,2016,60059.0,280000.0,4662.1,Tea,Bangladesh,1649.28380858601,25.88,2076.43,tea only
BGD,2017,53856.0,356000.0,6610.2,Tea,Bangladesh,1811.08221668646,25.68,2681.73,tea only
BGD,2018,67043.0,340000.0,5071.4,Tea,Bangladesh,1965.24372731467,25.3,1770.57,tea only
BGD,2019,54001.0,394000.0,7296.2,Tea,Bangladesh,2129.79896954606,25.65,1989.33,tea only
BGD,2020,59364.0,412000.0,6940.2,Tea,Bangladesh,2248.85078828233,25.42,2428.5,tea only
BGD,2021,54936.0,412000.0,7499.6,Tea,Bangladesh,2482.84917843357,25.76,2092.51,tea only
BGD,2022,56646.0,426721.0,7533.1,Tea,Bangladesh,2716.48592780431,25.75,1757.35,tea only
BGD,2023,57228.0,405252.0,7081.4,Tea,Bangladesh,2551.01773827307,26.02,2074.6,tea only
BGD,2024,58754.0,437652.0,7448.9,Tea,,,26.18,2020.96,tea only
CHN,2000,879500.0,2971000.0,3378.1,Tea,China,969.199513696287,7.25,601.03,tea only
CHN,2001,887760.0,3051000.0,3436.7,Tea,China,1065.40597574519,7.61,577.3,tea only
CHN,2002,894800.0,3241000.0,3622.0,Tea,China,1163.55957673426,7.84,633.56,tea only
CHN,2003,925200.0,3340000.0,3610.0,Tea,China,1306.97245408557,7.53,599.3,tea only
CHN,2004,982700.0,3631000.0,3694.9,Tea,China,1530.92726215723,7.76,571.24,tea only
CHN,2005,1041500.0,4065000.0,3903.0,Tea,China,1777.64496828464,7.51,599.06,tea only
CHN,2006,1100300.0,4470000.0,4062.5,Tea,China,2129.25696999613,7.99,573.27,tea only
CHN,2007,1200850.0,5067000.0,4219.5,Tea,China,2734.72709877693,8.19,579.08,tea only
CHN,2008,1283200.0,5468000.0,4261.2,Tea,China,3523.44302065213,7.64,614.37,tea only
CHN,2009,1327980.0,5909000.0,4449.6,Tea,China,3898.24459158811,7.82,558.89,tea only
CHN,2010,1426060.0,6600000.0,4628.1,Tea,China,4629.24551710077,7.58,641.21,tea only
CHN,2011,1644660.0,7400000.0,4499.4,Tea,China,5703.76027973346,7.37,532.1,tea only
CHN,2012,1735200.0,8100000.0,4668.0,Tea,China,6405.0574241349,7.1,646.1,tea only
CHN,2013,1857200.0,8700000.0,4684.5,Tea,China,7147.03518622344,7.76,614.5,tea only
CHN,2014,1984229.0,9500000.0,4787.8,Tea,China,7781.06597484974,7.72,615.12,tea only
CHN,2015,2115800.0,10320000.0,4877.6,Tea,China,8175.33285077393,7.99,633.23,tea only
CHN,2016,2380197.0,10480000.0,4403.0,Tea,China,8254.86859320357,7.95,674.15,tea only
CHN,2017,2848720.0,11100000.0,3896.5,Tea,China,8979.67652709856,8.11,626.81,tea only
CHN,2018,2985800.0,11800000.0,3952.0,Tea,China,10085.6638148819,7.78,637.29,tea only
CHN,2019,3185311.0,12600000.0,3955.7,Tea,China,10342.9009524335,8.04,615.63,tea only
CHN,2020,3216660.0,13200000.0,4103.6,Tea,China,10627.4637989619,7.95,646.74,tea only
CHN,2021,2701620.0,14200000.0,5256.1,Tea,China,12887.4357242941,8.23,654.33,tea only
CHN,2022,3392710.0,14530800.0,4282.9,Tea,China,12970.6056414327,8.13,599.98,tea only
CHN,2023,3429950.0,15396000.0,4488.7,Tea,China,12951.1782397043,8.41,608.68,tea only
CHN,2024,3631693.0,16260900.0,4477.5,Tea,,,8.52,661.09,tea only
IDN,2000,121200.0,707000.0,5833.3,Tea,Indonesia,763.711124950924,25.86,2925.32,both
IDN,2001,115416.0,726000.0,6290.3,Tea,Indonesia,732.307093405708,25.92,2865.39,both
IDN,2002,115803.0,718000.0,6200.2,Tea,Indonesia,881.002913569131,26.06,2586.5,both
IDN,2003,116200.0,738000.0,6351.1,Tea,Indonesia,1043.2105838671,25.92,2884.98,both
IDN,2004,116200.0,727000.0,6256.5,Tea,Indonesia,1126.84004447173,25.92,2629.22,both
IDN,2005,142847.0,727000.0,5089.4,Tea,Indonesia,1238.21447629488,25.94,2729.63,both
IDN,2006,111055.0,639000.0,5753.9,Tea,Indonesia,1558.31562847163,25.83,2656.42,both
IDN,2007,133734.0,655000.0,4897.8,Tea,Indonesia,1823.21976255073,25.85,2854.02,both
IDN,2008,127712.0,669000.0,5238.3,Tea,Indonesia,2124.55483920618,25.71,2996.57,both
IDN,2009,123506.0,682000.0,5522.0,Tea,Indonesia,2218.48541852977,25.98,2760.29,both
IDN,2010,124573.0,654000.0,5249.9,Tea,Indonesia,3065.68348377765,26.09,3271.38,both
IDN,2011,122458.0,637000.0,5201.8,Tea,Indonesia,3579.46442466152,25.88,2899.83,both
IDN,2012,121607.0,624000.0,5131.3,Tea,Indonesia,3632.27254030331,25.99,2850.16,both
IDN,2013,122494.0,634000.0,5175.8,Tea,Indonesia,3566.60284506078,26.06,2893.53,both
IDN,2014,118889.0,671000.0,5643.9,Tea,Indonesia,3441.06808464008,26.04,2595.84,both
IDN,2015,114891.0,577000.0,5022.2,Tea,Indonesia,3288.22269725538,26.12,2475.16,both
IDN,2016,117268.0,626000.0,5338.2,Tea,Indonesia,3521.46943457574,26.23,2934.55,both
IDN,2017,113307.0,636000.0,5613.1,Tea,Indonesia,3798.88326174526,26.04,3011.46,both
IDN,2018,109938.0,610000.0,5548.6,Tea,Indonesia,3860.95353090726,26.05,2813.27,both
IDN,2019,111270.0,560000.0,5032.8,Tea,Indonesia,4106.94856160358,26.2,2500.24,both
IDN,2020,112308.0,626000.0,5574.0,Tea,Indonesia,3853.70288774146,26.2,2980.78,both
IDN,2021,102078.0,663000.0,6495.0,Tea,Indonesia,4287.17313995098,26.01,3067.34,both
IDN,2022,101281.0,658000.0,6496.7,Tea,Indonesia,4730.83484836107,25.95,3146.39,both
IDN,2023,97561.0,613000.0,6283.2,Tea,Indonesia,4876.30774512252,26.16,2676.72,both
IDN,2024,103605.0,658000.0,6351.0,Tea,,,26.38,2997.81,both
IND,2000,490000.0,3591000.0,7328.6,Tea,India,442.750218937263,24.81,1043.41,both
IND,2001,504000.0,3683000.0,7307.5,Tea,India,450.357900514128,24.93,1025.47,both
IND,2002,510000.0,3713000.0,7280.4,Tea,India,469.149928973927,25.2,908.97,both
IND,2003,516000.0,3678000.0,7127.9,Tea,India,544.143133545002,24.94,1055.79,both
IND,2004,520000.0,3822000.0,7350.0,Tea,India,624.258826510066,25.02,1030.4,both
IND,2005,521000.0,3943000.0,7568.1,Tea,India,710.488080408949,24.77,1116.64,both
IND,2006,555611.0,4126000.0,7426.1,Tea,India,801.668353659022,25.03,1190.24,both
IND,2007,567020.0,4230000.0,7460.1,Tea,India,1021.88707706826,25.06,1136.08,both
IND,2008,578458.0,4291000.0,7418.0,Tea,India,992.519584923828,24.82,1156.62,both
IND,2009,579000.0,4229000.0,7304.0,Tea,India,1094.94974598436,25.57,1001.0,both
IND,2010,579000.0,4309000.0,7442.1,Tea,India,1347.51939071367,25.5,1251.78,both
IND,2011,600000.0,4763000.0,7938.3,Tea,India,1445.46127486037,24.88,1147.15,both
IND,2012,605000.0,4935000.0,8157.0,Tea,India,1429.32199520032,24.84,1067.39,both
IND,2013,563980.0,5256000.0,9319.5,Tea,India,1432.84397512195,24.71,1255.45,both
IND,2014,604000.0,5249000.0,8690.4,Tea,India,1553.88396075118,24.86,1065.91,both
IND,2015,566660.0,5361000.0,9460.7,Tea,India,1583.99815907985,24.98,1124.91,both
IND,2016,577480.0,5437000.0,9415.0,Tea,India,1707.50892912243,25.36,1120.31,both
IND,2017,621610.0,5761000.0,9267.9,Tea,India,1950.10468280866,25.23,1159.6,both
IND,2018,621990.0,5820000.0,9357.1,Tea,India,1966.25455171679,25.1,1019.78,both
IND,2019,637223.0,6044000.0,9484.9,Tea,India,2041.42863698585,25.03,1322.77,both
IND,2020,572021.0,5485000.0,9588.8,Tea,India,1907.04251637669,24.87,1243.17,both
IND,2021,627712.0,6090000.0,9701.9,Tea,India,2239.61384367482,25.07,1216.65,both
IND,2022,633750.0,6231000.0,9832.0,Tea,India,2347.44829434623,25.18,1299.86,both
IND,2023,607373.0,6033531.0,9933.8,Tea,India,2530.12031278204,25.03,1163.62,both
IND,2024,613416.0,6156031.41,10035.7,Tea,,,25.43,1253.84,both
IRN,2000,31058.0,222652.5,7169.0,Tea,Iran,1650.01385833785,18.37,192.96,tea only
IRN,2001,31455.0,228393.3,7261.0,Tea,Iran,1881.02266635283,18.99,162.37,tea only
IRN,2002,31484.0,212538.2,6750.7,Tea,Iran,1891.25756091033,18.65,204.94,tea only
IRN,2003,31486.0,212167.9,6738.6,Tea,Iran,2208.99636552406,18.34,232.67,tea only
IRN,2004,31458.0,134179.0,4265.3,Tea,Iran,2672.4226651404,18.62,256.07,tea only
IRN,2005,32067.0,197270.4,6151.9,Tea,Iran,3132.0508192007,18.36,208.16,tea only
IRN,2006,18024.0,112802.5,6258.6,Tea,Iran,3618.91601364428,18.66,231.93,tea only
IRN,2007,26600.0,162737.0,6117.9,Tea,Iran,4687.99166260718,18.29,204.45,tea only
IRN,2008,24109.0,141160.0,5855.1,Tea,Iran,5377.4115072957,18.39,142.08,tea only
IRN,2009,20141.0,130714.0,6490.0,Tea,Iran,5415.52280553446,18.58,236.88,tea only
IRN,2010,29464.0,121041.0,4108.1,Tea,Iran,6291.19443655454,19.5,146.79,tea only
IRN,2011,27284.0,112083.8,4108.0,Tea,Iran,8025.68743364356,18.27,220.63,tea only
IRN,2012,27062.0,103890.0,3839.0,Tea,Iran,8114.08099831877,18.21,218.34,tea only
IRN,2013,26899.0,97474.8,3623.7,Tea,Iran,6222.74194840326,18.82,199.54,tea only
IRN,2014,18620.0,72277.0,3881.7,Tea,Iran,5672.06372896319,18.44,201.93,tea only
IRN,2015,18620.0,196957.0,10577.7,Tea,Iran,4952.73355532178,18.89,203.1,tea only
IRN,2016,18147.0,123662.4,6814.4,Tea,Iran,5710.59947089104,19.03,186.31,tea only
IRN,2017,15848.0,100580.0,6346.5,Tea,Iran,6000.93346404409,18.81,193.05,tea only
IRN,2018,16390.0,99245.03,6055.1,Tea,Iran,4783.01067340237,19.33,221.71,tea only
IRN,2019,16229.0,90832.32,5596.9,Tea,Iran,3997.4935449585,18.79,277.14,tea only
IRN,2020,15706.0,94075.05,5989.8,Tea,Iran,3202.50003502169,18.38,263.49,tea only
IRN,2021,16512.0,113898.99,6897.8,Tea,Iran,4605.14881318992,19.56,128.5,tea only
IRN,2022,16512.0,93479.48,5661.1,Tea,Iran,4721.20437099984,19.29,172.99,tea only
IRN,2023,14238.0,81285.48,5709.1,Tea,Iran,5049.29931642754,19.61,199.18,tea only
IRN,2024,13263.0,79996.94,6031.4,Tea,,,19.18,235.19,tea only
JPN,2000,50400.0,370000.0,7341.3,Tea,Japan,39169.3595701504,11.8,1532.81,tea only
JPN,2001,50100.0,370000.0,7385.2,Tea,Japan,34406.1824638092,11.5,1555.4,tea only
JPN,2002,44800.0,365000.0,8147.3,Tea,Japan,32820.7936433254,11.79,1563.66,tea only
JPN,2003,49500.0,400000.0,8080.8,Tea,Japan,35387.0374203599,11.47,1721.23,tea only
JPN,2004,49100.0,438000.0,8920.6,Tea,Japan,38298.9801712303,12.38,1681.14,tea only
JPN,2005,48700.0,435000.0,8932.2,Tea,Japan,37812.8950199948,11.49,1392.27,tea only
JPN,2006,48500.0,399000.0,8226.8,Tea,Japan,35991.546002862,11.69,1798.05,tea only
JPN,2007,48200.0,409000.0,8485.5,Tea,Japan,35779.0245416427,12.15,1465.83,tea only
JPN,2008,48000.0,420000.0,8750.0,Tea,Japan,39876.3039685725,11.82,1488.65,tea only
JPN,2009,47300.0,374000.0,7907.0,Tea,Japan,41308.9968370512,11.89,1652.14,tea only
JPN,2010,46800.0,370000.0,7906.0,Tea,Japan,44968.1562349739,12.16,1776.59,tea only
JPN,2011,46200.0,357000.0,7727.3,Tea,Japan,48760.0789494211,11.7,1730.52,tea only
JPN,2012,45900.0,373000.0,8126.4,Tea,Japan,49145.2804308193,11.5,1721.61,tea only
JPN,2013,45400.0,369000.0,8127.8,Tea,Japan,40898.6478964744,11.92,1703.49,tea only
JPN,2014,44800.0,363000.0,8102.7,Tea,Japan,38475.3952461838,11.67,1720.38,tea only
JPN,2015,44000.0,346000.0,7863.6,Tea,Japan,34960.6393843385,12.2,1768.84,tea only
JPN,2016,43100.0,349000.0,8097.4,Tea,Japan,39375.4731620781,12.32,1826.32,tea only
JPN,2017,42400.0,357000.0,8419.8,Tea,Japan,38834.0529341227,11.68,1510.53,tea only
JPN,2018,41500.0,383600.0,9243.4,Tea,Japan,39751.1330982711,12.26,1813.81,tea only
JPN,2019,40600.0,357400.0,8803.0,Tea,Japan,40415.9567649547,12.44,1554.02,tea only
JPN,2020,39100.0,328800.0,8409.2,Tea,Japan,40028.7341726762,12.44,1777.18,tea only
JPN,2021,38000.0,332200.0,8742.1,Tea,Japan,40094.5599795288,12.47,1794.72,tea only
JPN,2022,36900.0,331100.0,8972.9,Tea,Japan,34065.6438962526,12.44,1602.75,tea only
JPN,2023,36000.0,320000.0,8888.9,Tea,Japan,33836.1756271617,13.0,1640.03,tea only
JPN,2024,35100.0,319300.0,9096.9,Tea,,,13.11,1791.61,tea only
KEN,2000,120390.0,1027000.0,8530.6,Tea,Kenya,414.626365130846,24.78,498.71,tea only
KEN,2001,124290.0,1281000.0,10306.5,Tea,Kenya,410.700452474814,25.07,638.34,tea only
KEN,2002,131450.0,1248000.0,9494.1,Tea,Kenya,402.936385605382,25.23,814.71,tea only
KEN,2003,131450.0,1277000.0,9714.7,Tea,Kenya,442.898457253405,25.22,650.27,tea only
KEN,2004,136700.0,1411000.0,10321.9,Tea,Kenya,463.662781300121,25.04,658.38,tea only
KEN,2005,141300.0,1428000.0,10106.2,Tea,Kenya,523.456312433863,24.95,545.36,tea only
KEN,2006,147080.0,1350000.0,9178.7,Tea,Kenya,699.80237063381,25.07,795.37,tea only
KEN,2007,149190.0,1607000.0,10771.5,Tea,Kenya,840.201439476765,24.96,711.56,tea only
KEN,2008,157700.0,1503000.0,9530.8,Tea,Kenya,915.54435473604,24.91,703.07,tea only
KEN,2009,158294.0,1366000.0,8629.5,Tea,Kenya,1047.9678324485,25.49,682.9,tea only
KEN,2010,171916.0,1735000.0,10092.1,Tea,Kenya,1091.51873101194,25.28,676.03,tea only
KEN,2011,187855.0,1643000.0,8746.1,Tea,Kenya,1096.14499807675,25.12,720.17,tea only
KEN,2012,190600.0,1606000.0,8426.0,Tea,Kenya,1285.00536171512,24.86,825.07,tea only
KEN,2013,198600.0,1880000.0,9466.3,Tea,Kenya,1370.87885214659,25.1,765.82,tea only
KEN,2014,203006.0,1935000.0,9531.7,Tea,Kenya,1482.81566253497,25.09,627.24,tea only
KEN,2015,209400.0,1735000.0,8285.6,Tea,Kenya,1489.11959777284,25.15,808.38,tea only
KEN,2016,218500.0,2057000.0,9414.2,Tea,Kenya,1554.12610314423,25.48,712.45,tea only
KEN,2017,232700.0,1912000.0,8216.6,Tea,Kenya,1667.48447230835,25.2,1061.06,tea only
KEN,2018,236200.0,2143000.0,9072.8,Tea,Kenya,1836.45275528993,24.84,835.18,tea only
KEN,2019,269400.0,1995000.0,7405.3,Tea,Kenya,1960.40808854893,25.26,1146.84,tea only
KEN,2020,269400.0,3050000.0,11321.5,Tea,Kenya,1927.66459027849,25.28,809.21,tea only
KEN,2021,219000.0,2430900.0,11100.0,Tea,Kenya,2061.35622089594,25.17,1028.71,tea only
KEN,2022,225800.0,2418200.0,10709.5,Tea,Kenya,2109.56288513137,25.2,933.64,tea only
KEN,2023,227800.0,2577800.0,11316.1,Tea,Kenya,1942.58802756191,25.55,1050.32,tea only
KEN,2024,228400.0,2687200.0,11765.3,Tea,,,25.23,726.63,tea only
LKA,2000,188970.0,1330000.0,7038.2,Tea,Sri Lanka,860.199884304769,27.07,1767.84,tea only
LKA,2001,188970.0,1283000.0,6789.4,Tea,Sri Lanka,803.544026627385,27.22,1491.63,tea only
LKA,2002,210620.0,1348000.0,6400.2,Tea,Sri Lanka,834.936014905338,27.32,1715.88,tea only
LKA,2003,210620.0,1318000.0,6257.7,Tea,Sri Lanka,946.382255128072,27.29,1651.9,tea only
LKA,2004,212720.0,1340000.0,6299.4,Tea,Sri Lanka,1028.62068132555,27.04,1936.69,tea only
LKA,2005,212720.0,1379000.0,6482.7,Tea,Sri Lanka,1207.21994764165,27.2,1702.3,tea only
LKA,2006,212720.0,1351000.0,6351.1,Tea,Sri Lanka,1388.89739119932,27.16,2121.58,tea only
LKA,2007,212720.0,1327000.0,6238.2,Tea,Sri Lanka,1578.63451125392,27.1,1596.9,tea only
LKA,2008,221969.0,1386000.0,6244.1,Tea,Sri Lanka,1973.58476901287,27.04,1996.72,tea only
LKA,2009,221969.0,1261000.0,5681.0,Tea,Sri Lanka,2026.65939950702,27.43,1561.43,tea only
LKA,2010,221969.0,1760000.0,7929.0,Tea,Sri Lanka,2808.36244503709,27.44,1841.58,tea only
LKA,2011,221969.0,1750000.0,7884.0,Tea,Sri Lanka,3224.95745150496,27.26,1569.93,tea only
LKA,2012,221969.0,1765000.0,7951.6,Tea,Sri Lanka,3327.77613691283,27.46,1709.62,tea only
LKA,2013,221969.0,1810000.0,8154.3,Tea,Sri Lanka,3739.43181100202,27.18,1520.75,tea only
LKA,2014,221969.0,1810000.0,8154.3,Tea,Sri Lanka,3972.04375736464,27.35,1856.7,tea only
LKA,2015,233124.0,1760000.0,7549.6,Tea,Sri Lanka,4057.7158346231,27.32,2320.14,tea only
LKA,2016,216515.0,1570000.0,7251.2,Tea,Sri Lanka,4149.19190775593,27.69,1424.97,tea only
LKA,2017,202540.0,1630000.0,8047.8,Tea,Sri Lanka,4398.88828068715,27.42,1681.7,tea only
LKA,2018,202540.0,1500000.0,7405.9,Tea,Sri Lanka,4358.56095906047,27.32,1784.02,tea only
LKA,2019,264688.0,1490000.0,5629.3,Tea,Sri Lanka,4081.94772722003,27.65,2002.67,tea only
LKA,2020,266354.0,1500000.0,5631.6,Tea,Sri Lanka,3847.60137695639,27.62,1614.89,tea only
LKA,2021,266509.0,1800000.0,6754.0,Tea,Sri Lanka,3996.96240014909,27.38,2037.78,tea only
LKA,2022,267187.0,1400000.0,5239.8,Tea,Sri Lanka,3342.63650253855,27.2,1838.02,tea only
LKA,2023,268829.0,1495646.28,5563.6,Tea,Sri Lanka,3798.89016573011,27.41,2237.04,tea only
LKA,2024,268829.0,1514023.77,5631.9,Tea,,,27.86,1858.65,tea only
MWI,2000,18162.0,184000.0,10131.0,Tea,Malawi,224.22415918428,22.26,1140.06,tea only
MWI,2001,18800.0,160000.0,8510.6,Tea,Malawi,215.474524898357,22.5,1158.72,tea only
MWI,2002,18800.0,170000.0,9042.6,Tea,Malawi,428.210439838398,22.72,986.9,tea only
MWI,2003,18694.0,181000.0,9682.3,Tea,Malawi,383.348596852642,22.73,1002.84,tea only
MWI,2004,18694.0,218000.0,11661.5,Tea,Malawi,404.674248445428,22.63,1156.82,tea only
MWI,2005,18000.0,165000.0,9166.7,Tea,Malawi,414.361121984475,23.42,880.6,tea only
MWI,2006,19000.0,196000.0,10315.8,Tea,Malawi,440.822149023873,22.67,979.38,tea only
MWI,2007,19500.0,209000.0,10717.9,Tea,Malawi,475.180261659331,22.71,1095.19,tea only
MWI,2008,17131.0,181000.0,10565.9,Tea,Malawi,554.048820396119,22.54,1081.37,tea only
MWI,2009,21404.0,229000.0,10699.1,Tea,Malawi,625.869729869625,22.59,1101.74,tea only
MWI,2010,20829.0,224000.0,10754.1,Tea,Malawi,683.124694716799,23.08,902.93,tea only
MWI,2011,18739.0,204000.0,10886.3,Tea,Malawi,763.061000394572,22.46,1152.15,tea only
MWI,2012,16774.0,185000.0,11028.8,Tea,Malawi,558.46208832772,22.53,1025.15,tea only
MWI,2013,18094.0,202000.0,11164.0,Tea,Malawi,496.947368267313,22.47,1025.91,tea only
MWI,2014,17515.0,198000.0,11304.3,Tea,Malawi,529.5133440206,22.55,999.27,tea only
MWI,2015,15033.0,172000.0,11441.1,Tea,Malawi,539.605363240686,22.87,918.16,tea only
MWI,2016,16234.0,188000.0,11580.3,Tea,Malawi,450.506105510719,22.85,977.52,tea only
MWI,2017,17014.0,198000.0,11637.4,Tea,Malawi,495.769683367165,22.65,1161.98,tea only
MWI,2018,18594.0,220000.0,11832.0,Tea,Malawi,533.202567189331,22.62,1169.74,tea only
MWI,2019,17522.0,210000.0,11985.2,Tea,Malawi,580.889139762475,22.85,1401.25,tea only
MWI,2020,20975.0,253800.0,12100.0,Tea,Malawi,602.507478176106,22.85,1058.33,tea only
MWI,2021,19753.0,242500.0,12276.7,Tea,Malawi,617.446994451007,22.79,798.62,tea only
MWI,2022,21893.0,268000.0,12241.6,Tea,Malawi,604.269740360317,22.53,1227.01,tea only
MWI,2023,20063.0,247734.72,12348.1,Tea,Malawi,633.214767978695,22.94,1156.89,tea only
MWI,2024,19883.0,247669.75,12456.2,Tea,,,23.24,973.27,tea only
RWA,2000,12300.0,63000.0,5122.0,Tea,Rwanda,251.86926386091,19.3,1070.2,tea only
RWA,2001,12825.0,77000.0,6003.9,Tea,Rwanda,237.308846200901,19.35,1371.16,tea only
RWA,2002,12500.0,65000.0,5200.0,Tea,Rwanda,234.043016755733,19.62,1164.36,tea only
RWA,2003,12500.0,67000.0,5360.0,Tea,Rwanda,249.012274982252,19.61,1212.18,tea only
RWA,2004,11700.0,63000.0,5384.6,Tea,Rwanda,269.540446333402,19.36,848.18,tea only
RWA,2005,13280.0,72000.0,5421.7,Tea,Rwanda,324.016863847189,19.36,973.68,tea only
RWA,2006,11750.0,74000.0,6297.9,Tea,Rwanda,356.995022901154,19.24,1311.35,tea only
RWA,2007,11674.0,89000.0,7623.8,Tea,Rwanda,426.234183487629,19.28,1285.08,tea only
RWA,2008,11895.0,87000.0,7314.0,Tea,Rwanda,528.326391755502,19.17,1092.57,tea only
RWA,2009,12500.0,89000.0,7120.0,Tea,Rwanda,564.039095842449,19.61,1210.31,tea only
RWA,2010,13549.0,97000.0,7159.2,Tea,Rwanda,593.624927744346,19.6,1337.53,tea only
RWA,2011,15065.0,105000.0,6969.8,Tea,Rwanda,651.133677964662,19.17,1379.66,tea only
RWA,2012,15383.0,98000.0,6370.7,Tea,Rwanda,706.817269168561,19.02,1085.72,tea only
RWA,2013,15620.0,96000.0,6146.0,Tea,Rwanda,704.92421851123,19.2,1208.98,tea only
RWA,2014,17220.0,108000.0,6271.8,Tea,Rwanda,724.957526520906,19.01,1190.83,tea only
RWA,2015,17188.0,110000.0,6400.0,Tea,Rwanda,733.998629882494,19.07,1237.82,tea only
RWA,2016,17221.0,111000.0,6445.6,Tea,Rwanda,729.519133812945,19.32,1233.03,tea only
RWA,2017,18509.0,121000.0,6537.3,Tea,Rwanda,758.300966509647,19.45,1122.57,tea only
RWA,2018,20466.0,135000.0,6596.2,Tea,Rwanda,771.773511207309,19.07,1127.87,tea only
RWA,2019,21249.0,134378.13,6324.0,Tea,Rwanda,810.051412137354,19.28,1346.05,tea only
RWA,2020,23197.0,140004.94,6035.5,Tea,Rwanda,778.701498925026,19.13,1350.25,tea only
RWA,2021,26309.0,149627.41,5687.3,Tea,Rwanda,829.544845263697,19.21,1206.25,tea only
RWA,2022,32800.0,160419.78,4890.8,Tea,Rwanda,975.469323735369,19.17,1372.0,tea only
RWA,2023,33430.0,158499.4,4741.2,Tea,Rwanda,1027.03446826565,19.51,1210.38,tea only
RWA,2024,35050.0,160591.77,4581.8,Tea,,,18.91,1310.71,tea only
TUR,2000,76750.0,758038.0,9876.7,Tea,Türkiye,4199.3798635759,11.36,563.05,tea only
TUR,2001,76653.0,824946.0,10762.1,Tea,Türkiye,3052.2256706793,12.32,611.58,tea only
TUR,2002,76645.0,791700.0,10329.4,Tea,Türkiye,3591.08628982587,11.38,615.12,tea only
TUR,2003,76640.0,869000.0,11338.7,Tea,Türkiye,4649.63668068586,11.4,641.76,tea only
TUR,2004,76632.0,1105000.0,14419.6,Tea,Türkiye,5979.6054216148,11.4,558.93,tea only
TUR,2005,76625.0,1192004.0,15556.3,Tea,Türkiye,7331.85429430255,11.52,595.17,tea only
TUR,2006,76614.0,1121206.0,14634.5,Tea,Türkiye,7990.08251407245,11.4,585.65,tea only
TUR,2007,76581.0,1145321.0,14955.7,Tea,Türkiye,9766.91734545294,11.9,554.74,tea only
TUR,2008,75826.0,1100257.0,14510.3,Tea,Türkiye,10913.4079047769,11.75,455.52,tea only
TUR,2009,75851.0,1103340.0,14546.1,Tea,Türkiye,9076.92472236977,11.84,723.68,tea only
TUR,2010,75864.0,1305566.0,17209.3,Tea,Türkiye,10698.9699409757,13.13,653.84,tea only
TUR,2011,75890.0,1231141.0,16222.7,Tea,Türkiye,11373.6355760885,11.08,628.84,tea only
TUR,2012,75857.0,1250000.0,16478.4,Tea,Türkiye,11776.7593362033,12.03,714.35,tea only
TUR,2013,76425.0,1180000.0,15440.0,Tea,Türkiye,12635.5570016068,11.86,529.1,tea only
TUR,2014,76049.0,1266311.0,16651.3,Tea,Türkiye,12209.3862327674,12.45,634.66,tea only
TUR,2015,76207.0,1327934.0,17425.4,Tea,Türkiye,11064.6494504662,11.8,653.69,tea only
TUR,2016,76361.0,1350000.0,17679.2,Tea,Türkiye,10984.3643169061,12.13,649.72,tea only
TUR,2017,82108.0,1300000.0,15832.8,Tea,Türkiye,10756.3877677883,11.93,536.67,tea only
TUR,2018,78133.0,1480534.0,18948.9,Tea,Türkiye,9684.11819884721,13.04,700.17,tea only
TUR,2019,78569.0,1407448.0,17913.5,Tea,Türkiye,9395.23378001368,12.49,602.54,tea only
TUR,2020,78681.0,1450556.0,18435.9,Tea,Türkiye,8798.11791709313,12.64,552.36,tea only
TUR,2021,78900.0,1453964.0,18427.9,Tea,Türkiye,9981.76398411336,12.56,559.24,tea only
TUR,2022,79129.0,1269546.0,16044.0,Tea,Türkiye,10897.8397861365,12.24,536.14,tea only
TUR,2023,79198.0,1356556.0,17128.7,Tea,Türkiye,13375.0947282864,12.93,658.17,tea only
TUR,2024,81010.0,1414000.0,17454.6,Tea,,,13.16,569.47,tea only
TZA,2000,16600.0,103000.0,6205.0,Tea,Tanzania,401.698150634766,22.74,867.52,tea only
TZA,2001,17851.0,111000.0,6218.1,Tea,Tanzania,396.638732910156,22.86,906.92,tea only
TZA,2002,16980.0,107000.0,6301.7,Tea,Tanzania,402.649047851563,23.0,1093.99,tea only
TZA,2003,20000.0,120000.0,6000.0,Tea,Tanzania,422.18359375,23.21,768.19,tea only
TZA,2004,19703.0,131000.0,6648.9,Tea,Tanzania,450.385284423828,22.79,980.3,tea only
TZA,2005,18658.0,133000.0,7128.3,Tea,Tanzania,483.334869384766,23.05,760.62,tea only
TZA,2006,17607.0,132000.0,7497.2,Tea,Tanzania,475.746734619141,22.75,1137.01,tea only
TZA,2007,17414.0,136000.0,7809.7,Tea,Tanzania,543.198303222656,22.76,919.95,tea only
TZA,2008,18441.0,151000.0,8188.2,Tea,Tanzania,675.977233886719,22.58,914.57,tea only
TZA,2009,17024.0,149000.0,8752.6,Tea,Tanzania,693.823547363281,22.92,919.28,tea only
TZA,2010,11410.0,144000.0,12620.5,Tea,Tanzania,736.530151367188,23.13,861.89,tea only
TZA,2011,16667.0,139000.0,8340.1,Tea,Tanzania,775.392761230469,22.74,979.66,tea only
TZA,2012,18232.0,143000.0,7843.3,Tea,Tanzania,861.969909667969,22.73,792.67,tea only
TZA,2013,21407.0,147000.0,6866.9,Tea,Tanzania,963.05712890625,22.88,949.08,tea only
TZA,2014,21338.0,146000.0,6842.3,Tea,Tanzania,1022.74841308594,22.83,924.77,tea only
TZA,2015,22509.0,155000.0,6886.1,Tea,Tanzania,939.127319335938,22.97,956.85,tea only
TZA,2016,18994.0,142000.0,7476.2,Tea,Tanzania,953.0107421875,23.12,1077.41,tea only
TZA,2017,15110.0,117000.0,7743.3,Tea,Tanzania,986.674011230469,23.17,941.23,tea only
TZA,2018,19380.0,148000.0,7636.9,Tea,Tanzania,1023.10626220703,22.76,1035.86,tea only
TZA,2019,21234.0,162000.0,7629.4,Tea,Tanzania,1063.32250976563,23.09,1145.97,tea only
TZA,2020,16181.0,125000.0,7725.0,Tea,Tanzania,1117.41528320313,22.99,1232.57,tea only
TZA,2021,18113.0,140000.0,7729.1,Tea,Tanzania,1159.85656738281,22.96,960.6,tea only
TZA,2022,19230.0,145000.0,7540.5,Tea,Tanzania,1207.52062988281,22.86,996.74,tea only
TZA,2023,15963.0,120000.0,7517.3,Tea,Tanzania,1224.00219726563,23.21,1112.32,tea only
TZA,2024,17185.0,128783.01,7494.0,Tea,,,23.02,1180.08,tea only
UGA,2000,15701.0,127000.0,8088.7,Tea,Uganda,258.050338731086,23.22,1145.67,both
UGA,2001,15761.0,143000.0,9073.0,Tea,Uganda,236.021188853993,23.43,1248.31,both
UGA,2002,22000.0,172000.0,7818.2,Tea,Uganda,241.984688408335,23.73,1259.01,both
UGA,2003,20000.0,160000.0,8000.0,Tea,Uganda,250.71543664681,23.61,1216.99,both
UGA,2004,19180.0,155000.0,8081.2,Tea,Uganda,292.38185796262,23.67,1166.02,both
UGA,2005,20100.0,164000.0,8159.2,Tea,Uganda,330.405402707025,23.64,1072.85,both
UGA,2006,19100.0,149000.0,7801.0,Tea,Uganda,346.518255310647,23.54,1302.27,both
UGA,2007,22000.0,195000.0,8863.6,Tea,Uganda,401.389130865581,23.58,1432.17,both
UGA,2008,21000.0,186000.0,8857.1,Tea,Uganda,472.842681495852,23.52,1244.06,both
UGA,2009,25000.0,212000.0,8480.0,Tea,Uganda,798.947089938247,24.04,1191.46,both
UGA,2010,25000.0,214000.0,8559.9,Tea,Uganda,823.488144282,23.81,1380.93,both
UGA,2011,17738.0,153000.0,8625.4,Tea,Uganda,835.620060555838,23.39,1350.91,both
UGA,2012,28953.0,252000.0,8703.8,Tea,Uganda,795.222867553127,22.97,1382.4,both
UGA,2013,30197.0,265000.0,8775.7,Tea,Uganda,818.285427416713,23.09,1437.47,both
UGA,2014,32097.0,284000.0,8848.2,Tea,Uganda,896.054795546394,23.02,1187.98,both
UGA,2015,28583.0,255000.0,8921.3,Tea,Uganda,862.934610355811,23.06,1330.94,both
UGA,2016,26000.0,234000.0,9000.0,Tea,Uganda,752.696571725656,23.29,1296.42,both
UGA,2017,24368.0,218000.0,8946.1,Tea,Uganda,765.218332297361,23.19,1401.03,both
UGA,2018,36520.0,323000.0,8844.5,Tea,Uganda,792.16570022814,22.96,1292.06,both
UGA,2019,29233.0,262000.0,8962.4,Tea,Uganda,822.171150036357,23.18,1599.44,both
UGA,2020,42785.0,390000.0,9115.4,Tea,Uganda,845.766463890124,23.2,1473.03,both
UGA,2021,47000.0,437000.0,9297.9,Tea,Uganda,882.791717542504,23.13,1381.83,both
UGA,2022,45000.0,406000.0,9022.2,Tea,Uganda,963.067314117178,23.17,1405.42,both
UGA,2023,44047.0,393435.96,8932.2,Tea,Uganda,1002.30913917142,23.54,1298.23,both
UGA,2024,44765.0,414945.47,9269.4,Tea,,,23.12,1246.19,both
VNM,2000,70300.0,300600.0,4276.0,Tea,Vietnam,404.029784055118,24.5,1722.38,both
VNM,2001,74400.0,325600.0,4376.3,Tea,Vietnam,419.205677580901,24.71,1929.45,both
VNM,2002,77200.0,405200.0,5248.7,Tea,Vietnam,445.132861817313,24.81,1890.97,both
VNM,2003,86100.0,448600.0,5210.2,Tea,Vietnam,497.117089249256,24.85,1629.0,both
VNM,2004,92400.0,513800.0,5560.6,Tea,Vietnam,565.452284586212,24.62,1623.19,both
VNM,2005,97700.0,570000.0,5834.2,Tea,Vietnam,710.746759994861,24.8,1817.57,both
VNM,2006,102100.0,648900.0,6355.5,Tea,Vietnam,807.756645117054,24.92,1753.31,both
VNM,2007,107400.0,705900.0,6572.6,Tea,Vietnam,925.640338348717,24.67,1799.9,both
VNM,2008,108800.0,746200.0,6858.5,Tea,Vietnam,1163.83195772873,24.23,1959.55,both
VNM,2009,111400.0,771000.0,6921.0,Tea,Vietnam,1226.16976051536,24.81,1632.36,both
VNM,2010,113200.0,834600.0,7372.8,Tea,Vietnam,1683.16182443979,25.05,1620.88,both
VNM,2011,114399.0,879079.0,7684.3,Tea,Vietnam,1950.92504174913,24.17,1861.77,both
VNM,2012,114433.0,909729.0,7949.9,Tea,Vietnam,2185.11767654291,24.92,1920.31,both
VNM,2013,114827.0,936424.0,8155.1,Tea,Vietnam,2359.51736472828,24.69,1900.53,both
VNM,2014,115436.0,982210.0,8508.7,Tea,Vietnam,2546.38464459903,24.87,1679.8,both
VNM,2015,117822.0,1012915.5,8597.0,Tea,Vietnam,2577.56885340113,25.26,1744.73,both
VNM,2016,118824.0,1033767.15,8700.0,Tea,Vietnam,2735.0604380416,25.16,1796.3,both
VNM,2017,123188.0,1121065.9,9100.4,Tea,Vietnam,2956.10992127753,24.81,1885.46,both
VNM,2018,116633.0,1081166.0,9269.8,Tea,Vietnam,3222.31003125366,24.8,1791.18,both
VNM,2019,107878.0,1017619.03,9433.0,Tea,Vietnam,3440.90025375434,25.38,1639.96,both
VNM,2020,109620.0,1064992.81,9715.3,Tea,Vietnam,3534.03953482647,25.2,1684.26,both
VNM,2021,111196.0,1091073.06,9812.2,Tea,Vietnam,3704.1935590038,25.0,1800.75,both
VNM,2022,112215.0,1116749.77,9951.8,Tea,Vietnam,4147.69777213621,24.72,1778.7,both
VNM,2023,112164.0,1125064.65,10030.6,Tea,Vietnam,4323.35031982451,25.49,1773.04,both
VNM,2024,113037.0,1154510.0,10213.6,Tea,,,25.54,1798.84,both
